{
  "project_info": {
    "project_number": "1026554848666",
    "firebase_url": "https://crop-connoisseur.firebaseio.com",
    "project_id": "crop-connoisseur",
    "storage_bucket": "crop-connoisseur.appspot.com"
  },
  "client": [
    {
      "client_info": {
        "mobilesdk_app_id": "1:1026554848666:android:0bbde6ab625f10b3900623",
        "android_client_info": {
          "package_name": "com.example.cropconnoisseur"
        }
      },
      "oauth_client": [
        {
          "client_id": "1026554848666-54s0n929r5up69gkdfk4pk8qqq9a6ddu.apps.googleusercontent.com",
          "client_type": 3
        }
      ],
      "api_key": [
        {
          "current_key": "AIzaSyDjtleD3JNg49yozCTm1UPzJIsppYP3Zls"
        }
      ],
      "services": {
        "appinvite_service": {
          "other_platform_oauth_client": [
            {
              "client_id": "1026554848666-54s0n929r5up69gkdfk4pk8qqq9a6ddu.apps.googleusercontent.com",
              "client_type": 3
            }
          ]
        }
      }
    }
  ],
  "configuration_version": "1"
}